Floor,PHASE,Room,Stage,TRADE,1BD#02_L,Unit ID,ARN Split,ARN Type,Filter-1,Filter-2
1st,Underground,Amenities,Pre-Fab,CW,1BD#02_L,201,1/1,TYP#A,UDG,COLG
2nd,Colgante,AC/WH Closet,Job Site,HW,1BD#02_L,202,1/2,TYP#B,RSR,MOCKUP
3rd,Rough,M.bath,Job Site 2,SEWER,1BD#02_L,203,2/2,TYP#C,V1-05-09,RSR
4th,Riser,Washer,Shower Kit,STORM DRAIN,1BD#02_L,204,,TYP#D,BOM,new cost
5th,,Closet,,AC DRAIN,1BD#04_R,205,,TYP#E,,
8th,,C.A.,,WH DRAIN,1BD#04_R,206,,TYP#F,,
7th,,Colgante 1 st,,,1BD#04_R,207,,TYP#G,,
UDG,,Closet/Kitchen,,,1BD#05_L,208,,TYP#H,,
,,Roof Drain,,,1BD#05_L,209,,TYP#I,,
,,Kitchen,,,1BD#05_L,210,,TYP#J,,
,,Closet,,,1BD#07_R,301,,,,
,,Laundry,,,1BD#08_L,302,,,,
,,Closet/Kitchen,,,1BD#09_L,303,,,,
,,FIRE/DOM,,,1BD#204_L,304,,,,
,,Service Storage,,,1BD#206_L,305,,,,
,,Trash Room,,,2BD#03_L,306,,,,
,,M.Bath 1,,,2BD#03_L,401,,,,
,,Unit,,,2BD#03_L,402,,,,
,,DEM,,,2BD#03_L,403,,,,
,,,,,2BD#03_L,404,,,,
,,,,,2BD#05_L,405,,,,
,,,,,2BD#06_R,406,,,,
,,,,,2BD#06_R,501,,,,
,,,,,2BD#06_R,502,,,,
,,,,,2BD#06_R,503,,,,
,,,,,2BD#06_R,504,,,,
,,,,,CA,505,,,,
,,,,,STU#01_L,506,,,,
,,,,,STU#01_L,601,,,,
,,,,,STU#01_L,602,,,,
,,,,,STU#01_L,603,,,,
,,,,,STU#01_L,604,,,,
,,,,,STU#04_R,605,,,,
,,,,,STU#05_L,606,,,,
,,,,,Type,,,,,
,,,,,,,,,,
,,,,,,,,,,
,,,,,,,,,,
,,,,,,,,,,
,,,,,,,,,,
,,,,,,,,,,
,,,,,,,,,,
,,,,,,,,,,
,,,,,,,,,,
,,,,,,,,,,
,,,,,,,,,,
,,,,,,,,,,
,,,,,,,,,,
,,,,,,,,,,
,,,,,,,,,,
,,,,,,,,,,
,,,,,,,,,,
,,,,,,,,,,
,,,,,,,,,,
,,,,,,,,,,
,,,,,,,,,,
,,,,,,,,,,
,,,,,,,,,,
,,,,,,,,,,
,,,,,,,,,,
,,,,,,,,,,
,,,,,,,,,,
,,,,,,,,,,
,,,,,,,,,,
,,,,,,,,,,
,,,,,,,,,,
,,,,,,,,,,
,,,,,,,,,,
,,,,,,,,,,
,,,,,,,,,,
,,,,,,,,,,
,,,,,,,,,,
,,,,,,,,,,
,,,,,,,,,,
,,,,,,,,,,
,,,,,,,,,,
,,,,,,,,,,
,,,,,,,,,,
,,,,,,,,,,
,,,,,,,,,,
,,,,,,,,,,
,,,,,,,,,,
,,,,,,,,,,
,,,,,,,,,,
,,,,,,,,,,
,,,,,,,,,,
,,,,,,,,,,
,,,,,,,,,,
,,,,,,,,,,
,,,,,,,,,,
,,,,,,,,,,
,,,,,,,,,,
,,,,,,,,,,
,,,,,,,,,,
,,,,,,,,,,
,,,,,,,,,,
,,,,,,,,,,
,,,,,,,,,,
,,,,,,,,,,
,,,,,,,,,,
,,,,,,,,,,
,,,,,,,,,,
,,,,,,,,,,
,,,,,,,,,,
,,,,,,,,,,
,,,,,,,,,,
,,,,,,,,,,
,,,,,,,,,,
,,,,,,,,,,
,,,,,,,,,,
,,,,,,,,,,
,,,,,,,,,,
,,,,,,,,,,
,,,,,,,,,,
,,,,,,,,,,
,,,,,,,,,,
,,,,,,,,,,
,,,,,,,,,,
,,,,,,,,,,
,,,,,,,,,,
,,,,,,,,,,
,,,,,,,,,,
,,,,,,,,,,
,,,,,,,,,,
,,,,,,,,,,
,,,,,,,,,,
,,,,,,,,,,
,,,,,,,,,,
,,,,,,,,,,
,,,,,,,,,,
,,,,,,,,,,
,,,,,,,,,,
,,,,,,,,,,
,,,,,,,,,,
,,,,,,,,,,
,,,,,,,,,,
,,,,,,,,,,
,,,,,,,,,,
,,,,,,,,,,
,,,,,,,,,,
,,,,,,,,,,
,,,,,,,,,,
,,,,,,,,,,
,,,,,,,,,,
,,,,,,,,,,
,,,,,,,,,,
,,,,,,,,,,
,,,,,,,,,,
,,,,,,,,,,
,,,,,,,,,,
,,,,,,,,,,
,,,,,,,,,,
,,,,,,,,,,
,,,,,,,,,,
,,,,,,,,,,
,,,,,,,,,,
,,,,,,,,,,
,,,,,,,,,,
,,,,,,,,,,
,,,,,,,,,,
,,Bath,,,,,,,,
,,,,,,,,,ARN,
,Kits,,,,,,,,,
,,POWDER ROOM,,,,,,,,
,,BATH 4,,,,,,,,
,,POOL BATH,,,,,,,,
,,BATH 2,,,,,,,,
,,WELLNESS SPA,,,,,,,,
